input,output,category,quality_score
Hello! How are you?,"Hello! I am doing well, thank you. How can I assist you today?",greeting,0.95
Hi there!,Hi! Nice to meet you. What would you like to discuss?,greeting,0.93
Good morning!,Good morning! I hope you are having a wonderful day. How may I help you?,greeting,0.94
"Hey, what's up?","Hey! Not much, just here to help you. What do you need assistance with?",greeting,0.92
What can you do?,"I can help with various tasks including answering questions, providing information, having conversations, and assisting with problem-solving. What would you like help with?",capability,0.96
Tell me about yourself.,I am an AI assistant designed to engage in helpful and informative conversations. I can discuss many topics and assist with different tasks. What would you like to know?,self_description,0.94
How do you work?,"I process information using neural networks trained on diverse data. I analyze your questions and generate relevant, helpful responses based on patterns learned during training.",explanation,0.95
What is machine learning?,Machine learning is a field of artificial intelligence where systems learn from data without explicit programming. Models identify patterns and make decisions based on examples and experience.,technical,0.97
Explain neural networks.,"Neural networks are computational models inspired by biological brains. They consist of interconnected nodes organized in layers that process information. Through training, they learn to recognize patterns and make predictions.",technical,0.96
What is deep learning?,Deep learning is a subset of machine learning using neural networks with many layers. These deep architectures can learn complex patterns and representations from large amounts of data.,technical,0.95
How does AI learn?,"AI learns by processing training data and adjusting internal parameters to minimize errors. Through iterations, the model improves its ability to make accurate predictions on new, unseen data.",technical,0.94
Can you explain Python?,"Python is a versatile, high-level programming language known for its readable syntax. It is widely used in web development, data science, automation, and artificial intelligence applications.",programming,0.96
What is data science?,"Data science combines statistics, programming, and domain knowledge to extract insights from data. It involves collecting, cleaning, analyzing data, and building models to solve real-world problems.",technical,0.95
Tell me about algorithms.,"Algorithms are step-by-step procedures for solving problems or performing tasks. In computing, they define how to process inputs to produce desired outputs efficiently.",technical,0.94
That's interesting. Tell me more.,I would be happy to provide more details. Could you specify which aspect interests you most? This helps me give you the most relevant information.,continuation,0.93
Can you elaborate on that?,Certainly! I can go into more depth. What specific part would you like me to explain further?,continuation,0.92
"I understand now, thanks!",You are welcome! I am glad I could help clarify that for you. Feel free to ask if you have more questions.,acknowledgment,0.94
That makes sense.,Great! I am pleased the explanation was clear. Is there anything else you would like to know?,acknowledgment,0.93
I need help with a problem.,"I am here to help! Please describe the problem you are facing, and I will do my best to assist you in finding a solution.",problem_solving,0.95
How do I get started with programming?,"Start by choosing a beginner-friendly language like Python. Practice with small projects, work through tutorials, and solve coding challenges. Consistency and hands-on experience are essential for learning.",advice,0.96
What is the best way to learn AI?,"Begin with fundamentals of programming and mathematics. Study machine learning basics, then progress to neural networks and deep learning. Work on projects and kaggle competitions to apply your knowledge practically.",advice,0.95
What is supervised learning?,"Supervised learning is when models learn from labeled training data. The algorithm learns to map inputs to known outputs, then applies this learning to make predictions on new data.",technical,0.96
Explain unsupervised learning.,"Unsupervised learning finds patterns in data without labeled outputs. The algorithm discovers hidden structures, groupings, or relationships in unlabeled datasets through clustering or dimensionality reduction.",technical,0.95
What is reinforcement learning?,Reinforcement learning is when agents learn by interacting with environments. They receive rewards or penalties for actions and learn optimal strategies to maximize cumulative rewards over time.,technical,0.96
How do computers understand language?,"Computers process language using natural language processing techniques. They convert text into numerical representations, analyze patterns, and use trained models to understand meaning and context.",technical,0.95
What makes a good dataset?,"A good dataset is large, diverse, accurately labeled, and representative of real-world scenarios. It should have minimal bias, consistent formatting, and sufficient examples for each category.",technical,0.96
Why is data preprocessing important?,"Data preprocessing cleans and transforms raw data into suitable format for training. It removes noise, handles missing values, and normalizes features, which significantly improves model performance.",technical,0.95
Can you help me understand concept number 1?,I would be happy to help explain concept 1. Could you specify which aspect you would like to understand better? This will help me provide a clearer explanation.,help_request,0.9057003946025693
Can you help me understand concept number 2?,I would be happy to help explain concept 2. Could you specify which aspect you would like to understand better? This will help me provide a clearer explanation.,help_request,0.9468807818304809
Can you help me understand concept number 3?,I would be happy to help explain concept 3. Could you specify which aspect you would like to understand better? This will help me provide a clearer explanation.,help_request,0.904406212172381
Can you help me understand concept number 4?,I would be happy to help explain concept 4. Could you specify which aspect you would like to understand better? This will help me provide a clearer explanation.,help_request,0.9016433768910299
Can you help me understand concept number 5?,I would be happy to help explain concept 5. Could you specify which aspect you would like to understand better? This will help me provide a clearer explanation.,help_request,0.9465450221143235
Can you help me understand concept number 6?,I would be happy to help explain concept 6. Could you specify which aspect you would like to understand better? This will help me provide a clearer explanation.,help_request,0.945915567264115
Can you help me understand concept number 7?,I would be happy to help explain concept 7. Could you specify which aspect you would like to understand better? This will help me provide a clearer explanation.,help_request,0.9352566198896182
Can you help me understand concept number 8?,I would be happy to help explain concept 8. Could you specify which aspect you would like to understand better? This will help me provide a clearer explanation.,help_request,0.9176317083790897
Can you help me understand concept number 9?,I would be happy to help explain concept 9. Could you specify which aspect you would like to understand better? This will help me provide a clearer explanation.,help_request,0.9121526489076569
Can you help me understand concept number 10?,I would be happy to help explain concept 10. Could you specify which aspect you would like to understand better? This will help me provide a clearer explanation.,help_request,0.9401088996754075
Can you help me understand concept number 11?,I would be happy to help explain concept 11. Could you specify which aspect you would like to understand better? This will help me provide a clearer explanation.,help_request,0.9185901519847341
Can you help me understand concept number 12?,I would be happy to help explain concept 12. Could you specify which aspect you would like to understand better? This will help me provide a clearer explanation.,help_request,0.920191541918494
Can you help me understand concept number 13?,I would be happy to help explain concept 13. Could you specify which aspect you would like to understand better? This will help me provide a clearer explanation.,help_request,0.9231053618148002
Can you help me understand concept number 14?,I would be happy to help explain concept 14. Could you specify which aspect you would like to understand better? This will help me provide a clearer explanation.,help_request,0.9161385012081724
Can you help me understand concept number 15?,I would be happy to help explain concept 15. Could you specify which aspect you would like to understand better? This will help me provide a clearer explanation.,help_request,0.9456942270814818
Can you help me understand concept number 16?,I would be happy to help explain concept 16. Could you specify which aspect you would like to understand better? This will help me provide a clearer explanation.,help_request,0.9138470396805394
Can you help me understand concept number 17?,I would be happy to help explain concept 17. Could you specify which aspect you would like to understand better? This will help me provide a clearer explanation.,help_request,0.9118421151033275
Can you help me understand concept number 18?,I would be happy to help explain concept 18. Could you specify which aspect you would like to understand better? This will help me provide a clearer explanation.,help_request,0.9308551923289761
Can you help me understand concept number 19?,I would be happy to help explain concept 19. Could you specify which aspect you would like to understand better? This will help me provide a clearer explanation.,help_request,0.919408155050126
Can you help me understand concept number 20?,I would be happy to help explain concept 20. Could you specify which aspect you would like to understand better? This will help me provide a clearer explanation.,help_request,0.9496168756265644
Can you help me understand concept number 21?,I would be happy to help explain concept 21. Could you specify which aspect you would like to understand better? This will help me provide a clearer explanation.,help_request,0.9242979582399661
Can you help me understand concept number 22?,I would be happy to help explain concept 22. Could you specify which aspect you would like to understand better? This will help me provide a clearer explanation.,help_request,0.9297739288704607
Can you help me understand concept number 23?,I would be happy to help explain concept 23. Could you specify which aspect you would like to understand better? This will help me provide a clearer explanation.,help_request,0.9340662875166591
Can you help me understand concept number 24?,I would be happy to help explain concept 24. Could you specify which aspect you would like to understand better? This will help me provide a clearer explanation.,help_request,0.9058557868352327
Can you help me understand concept number 25?,I would be happy to help explain concept 25. Could you specify which aspect you would like to understand better? This will help me provide a clearer explanation.,help_request,0.9221595220835336
Can you help me understand concept number 26?,I would be happy to help explain concept 26. Could you specify which aspect you would like to understand better? This will help me provide a clearer explanation.,help_request,0.9178207300543452
Can you help me understand concept number 27?,I would be happy to help explain concept 27. Could you specify which aspect you would like to understand better? This will help me provide a clearer explanation.,help_request,0.9003167464224358
Can you help me understand concept number 28?,I would be happy to help explain concept 28. Could you specify which aspect you would like to understand better? This will help me provide a clearer explanation.,help_request,0.9192036223938358
Can you help me understand concept number 29?,I would be happy to help explain concept 29. Could you specify which aspect you would like to understand better? This will help me provide a clearer explanation.,help_request,0.9491899266164521
Can you help me understand concept number 30?,I would be happy to help explain concept 30. Could you specify which aspect you would like to understand better? This will help me provide a clearer explanation.,help_request,0.9029910980028684
Can you help me understand concept number 31?,I would be happy to help explain concept 31. Could you specify which aspect you would like to understand better? This will help me provide a clearer explanation.,help_request,0.9373709366712428
Can you help me understand concept number 32?,I would be happy to help explain concept 32. Could you specify which aspect you would like to understand better? This will help me provide a clearer explanation.,help_request,0.9098500461911615
Can you help me understand concept number 33?,I would be happy to help explain concept 33. Could you specify which aspect you would like to understand better? This will help me provide a clearer explanation.,help_request,0.929454596749729
Can you help me understand concept number 34?,I would be happy to help explain concept 34. Could you specify which aspect you would like to understand better? This will help me provide a clearer explanation.,help_request,0.9409512423262814
Can you help me understand concept number 35?,I would be happy to help explain concept 35. Could you specify which aspect you would like to understand better? This will help me provide a clearer explanation.,help_request,0.9392365976659641
Can you help me understand concept number 36?,I would be happy to help explain concept 36. Could you specify which aspect you would like to understand better? This will help me provide a clearer explanation.,help_request,0.9280315749739373
Can you help me understand concept number 37?,I would be happy to help explain concept 37. Could you specify which aspect you would like to understand better? This will help me provide a clearer explanation.,help_request,0.9201085956017798
Can you help me understand concept number 38?,I would be happy to help explain concept 38. Could you specify which aspect you would like to understand better? This will help me provide a clearer explanation.,help_request,0.9402660195994463
Can you help me understand concept number 39?,I would be happy to help explain concept 39. Could you specify which aspect you would like to understand better? This will help me provide a clearer explanation.,help_request,0.9393927472600722
Can you help me understand concept number 40?,I would be happy to help explain concept 40. Could you specify which aspect you would like to understand better? This will help me provide a clearer explanation.,help_request,0.9332607048782808
Can you help me understand concept number 41?,I would be happy to help explain concept 41. Could you specify which aspect you would like to understand better? This will help me provide a clearer explanation.,help_request,0.9477186754306974
Can you help me understand concept number 42?,I would be happy to help explain concept 42. Could you specify which aspect you would like to understand better? This will help me provide a clearer explanation.,help_request,0.928026555458094
Can you help me understand concept number 43?,I would be happy to help explain concept 43. Could you specify which aspect you would like to understand better? This will help me provide a clearer explanation.,help_request,0.9053670537120696
Can you help me understand concept number 44?,I would be happy to help explain concept 44. Could you specify which aspect you would like to understand better? This will help me provide a clearer explanation.,help_request,0.9493599851903881
Can you help me understand concept number 45?,I would be happy to help explain concept 45. Could you specify which aspect you would like to understand better? This will help me provide a clearer explanation.,help_request,0.930500985272563
Can you help me understand concept number 46?,I would be happy to help explain concept 46. Could you specify which aspect you would like to understand better? This will help me provide a clearer explanation.,help_request,0.9495574282911748
Can you help me understand concept number 47?,I would be happy to help explain concept 47. Could you specify which aspect you would like to understand better? This will help me provide a clearer explanation.,help_request,0.9186035049497503
Can you help me understand concept number 48?,I would be happy to help explain concept 48. Could you specify which aspect you would like to understand better? This will help me provide a clearer explanation.,help_request,0.9312707974223218
Can you help me understand concept number 49?,I would be happy to help explain concept 49. Could you specify which aspect you would like to understand better? This will help me provide a clearer explanation.,help_request,0.9063700885809473
Can you help me understand concept number 50?,I would be happy to help explain concept 50. Could you specify which aspect you would like to understand better? This will help me provide a clearer explanation.,help_request,0.9209757265370553
Can you help me understand concept number 51?,I would be happy to help explain concept 51. Could you specify which aspect you would like to understand better? This will help me provide a clearer explanation.,help_request,0.9067901691744504
Can you help me understand concept number 52?,I would be happy to help explain concept 52. Could you specify which aspect you would like to understand better? This will help me provide a clearer explanation.,help_request,0.9110705211064413
Can you help me understand concept number 53?,I would be happy to help explain concept 53. Could you specify which aspect you would like to understand better? This will help me provide a clearer explanation.,help_request,0.9440384932072565
Can you help me understand concept number 54?,I would be happy to help explain concept 54. Could you specify which aspect you would like to understand better? This will help me provide a clearer explanation.,help_request,0.9328482916542868
Can you help me understand concept number 55?,I would be happy to help explain concept 55. Could you specify which aspect you would like to understand better? This will help me provide a clearer explanation.,help_request,0.9460771253252581
Can you help me understand concept number 56?,I would be happy to help explain concept 56. Could you specify which aspect you would like to understand better? This will help me provide a clearer explanation.,help_request,0.9017396747351151
Can you help me understand concept number 57?,I would be happy to help explain concept 57. Could you specify which aspect you would like to understand better? This will help me provide a clearer explanation.,help_request,0.9024606934437108
Can you help me understand concept number 58?,I would be happy to help explain concept 58. Could you specify which aspect you would like to understand better? This will help me provide a clearer explanation.,help_request,0.9363202610148764
Can you help me understand concept number 59?,I would be happy to help explain concept 59. Could you specify which aspect you would like to understand better? This will help me provide a clearer explanation.,help_request,0.9359624418980768
Can you help me understand concept number 60?,I would be happy to help explain concept 60. Could you specify which aspect you would like to understand better? This will help me provide a clearer explanation.,help_request,0.9004272787081128
Can you help me understand concept number 61?,I would be happy to help explain concept 61. Could you specify which aspect you would like to understand better? This will help me provide a clearer explanation.,help_request,0.9352523146776741
Can you help me understand concept number 62?,I would be happy to help explain concept 62. Could you specify which aspect you would like to understand better? This will help me provide a clearer explanation.,help_request,0.916941323024869
Can you help me understand concept number 63?,I would be happy to help explain concept 63. Could you specify which aspect you would like to understand better? This will help me provide a clearer explanation.,help_request,0.9237909319686598
Can you help me understand concept number 64?,I would be happy to help explain concept 64. Could you specify which aspect you would like to understand better? This will help me provide a clearer explanation.,help_request,0.9118872924970184
Can you help me understand concept number 65?,I would be happy to help explain concept 65. Could you specify which aspect you would like to understand better? This will help me provide a clearer explanation.,help_request,0.9263250393307869
Can you help me understand concept number 66?,I would be happy to help explain concept 66. Could you specify which aspect you would like to understand better? This will help me provide a clearer explanation.,help_request,0.9347390962623662
Can you help me understand concept number 67?,I would be happy to help explain concept 67. Could you specify which aspect you would like to understand better? This will help me provide a clearer explanation.,help_request,0.9168317523200786
Can you help me understand concept number 68?,I would be happy to help explain concept 68. Could you specify which aspect you would like to understand better? This will help me provide a clearer explanation.,help_request,0.9165892459019603
Can you help me understand concept number 69?,I would be happy to help explain concept 69. Could you specify which aspect you would like to understand better? This will help me provide a clearer explanation.,help_request,0.9206157568032013
Can you help me understand concept number 70?,I would be happy to help explain concept 70. Could you specify which aspect you would like to understand better? This will help me provide a clearer explanation.,help_request,0.9089784217553059
Can you help me understand concept number 71?,I would be happy to help explain concept 71. Could you specify which aspect you would like to understand better? This will help me provide a clearer explanation.,help_request,0.9371925595286952
Can you help me understand concept number 72?,I would be happy to help explain concept 72. Could you specify which aspect you would like to understand better? This will help me provide a clearer explanation.,help_request,0.9105245540839091
Can you help me understand concept number 73?,I would be happy to help explain concept 73. Could you specify which aspect you would like to understand better? This will help me provide a clearer explanation.,help_request,0.9421765841424078
Can you help me understand concept number 74?,I would be happy to help explain concept 74. Could you specify which aspect you would like to understand better? This will help me provide a clearer explanation.,help_request,0.9433848939873108
Can you help me understand concept number 75?,I would be happy to help explain concept 75. Could you specify which aspect you would like to understand better? This will help me provide a clearer explanation.,help_request,0.933042291999246
