instruction,response,task_type,quality_score
Explain the concept of recursion in programming.,Recursion is when a function calls itself to solve a problem by breaking it into smaller sub-problems. Each recursive call works on a simpler version until reaching a base case that stops the recursion.,explanation,0.96
Describe the water cycle.,"The water cycle involves evaporation (water becoming vapor), condensation (vapor forming clouds), precipitation (rain or snow falling), and collection (water gathering in bodies of water). This process continuously repeats.",description,0.95
Summarize the benefits of exercise.,"Exercise improves cardiovascular health, strengthens muscles and bones, enhances mental well-being, aids weight management, increases energy, and reduces risk of chronic diseases.",summary,0.95
List the planets in our solar system.,"The eight planets in order from the Sun are: Mercury, Venus, Earth, Mars, Jupiter, Saturn, Uranus, and Neptune.",listing,0.97
Explain how computers store data.,"Computers store data using binary code (0s and 1s) in memory and storage devices. Data is organized in files and managed by file systems, with different storage types offering varying speeds and capacities.",explanation,0.95
Describe the scientific method.,"The scientific method involves observation, forming hypotheses, conducting experiments, analyzing results, and drawing conclusions. It is a systematic approach to understanding natural phenomena through empirical evidence.",description,0.96
Explain cloud computing.,"Cloud computing delivers computing services over the internet, including storage, processing power, and applications. Users access resources on-demand without managing physical infrastructure.",explanation,0.95
Describe machine learning applications.,"Machine learning is applied in image recognition, natural language processing, recommendation systems, fraud detection, medical diagnosis, autonomous vehicles, and predictive analytics across various industries.",description,0.96
Explain the concept of item 1 in detail.,Item 1 is an important concept that involves understanding key principles and applications. It requires careful analysis and consideration of various factors to fully comprehend.,explanation,0.9056130949654664
Explain the concept of item 2 in detail.,Item 2 is an important concept that involves understanding key principles and applications. It requires careful analysis and consideration of various factors to fully comprehend.,explanation,0.9371883793008458
Explain the concept of item 3 in detail.,Item 3 is an important concept that involves understanding key principles and applications. It requires careful analysis and consideration of various factors to fully comprehend.,explanation,0.9480723554409591
Explain the concept of item 4 in detail.,Item 4 is an important concept that involves understanding key principles and applications. It requires careful analysis and consideration of various factors to fully comprehend.,explanation,0.9012828568033059
Explain the concept of item 5 in detail.,Item 5 is an important concept that involves understanding key principles and applications. It requires careful analysis and consideration of various factors to fully comprehend.,explanation,0.9214678566656416
Explain the concept of item 6 in detail.,Item 6 is an important concept that involves understanding key principles and applications. It requires careful analysis and consideration of various factors to fully comprehend.,explanation,0.9312085460005861
Explain the concept of item 7 in detail.,Item 7 is an important concept that involves understanding key principles and applications. It requires careful analysis and consideration of various factors to fully comprehend.,explanation,0.8811334465568694
Explain the concept of item 8 in detail.,Item 8 is an important concept that involves understanding key principles and applications. It requires careful analysis and consideration of various factors to fully comprehend.,explanation,0.9410207489809916
Explain the concept of item 9 in detail.,Item 9 is an important concept that involves understanding key principles and applications. It requires careful analysis and consideration of various factors to fully comprehend.,explanation,0.8913515268762084
Explain the concept of item 10 in detail.,Item 10 is an important concept that involves understanding key principles and applications. It requires careful analysis and consideration of various factors to fully comprehend.,explanation,0.8955221945413014
Explain the concept of item 11 in detail.,Item 11 is an important concept that involves understanding key principles and applications. It requires careful analysis and consideration of various factors to fully comprehend.,explanation,0.9442190097449253
Explain the concept of item 12 in detail.,Item 12 is an important concept that involves understanding key principles and applications. It requires careful analysis and consideration of various factors to fully comprehend.,explanation,0.8851586560457566
Explain the concept of item 13 in detail.,Item 13 is an important concept that involves understanding key principles and applications. It requires careful analysis and consideration of various factors to fully comprehend.,explanation,0.9058044108981308
Explain the concept of item 14 in detail.,Item 14 is an important concept that involves understanding key principles and applications. It requires careful analysis and consideration of various factors to fully comprehend.,explanation,0.9213502431725937
Explain the concept of item 15 in detail.,Item 15 is an important concept that involves understanding key principles and applications. It requires careful analysis and consideration of various factors to fully comprehend.,explanation,0.8794142519909
Explain the concept of item 16 in detail.,Item 16 is an important concept that involves understanding key principles and applications. It requires careful analysis and consideration of various factors to fully comprehend.,explanation,0.9055031229531176
Explain the concept of item 17 in detail.,Item 17 is an important concept that involves understanding key principles and applications. It requires careful analysis and consideration of various factors to fully comprehend.,explanation,0.9105597867687013
Explain the concept of item 18 in detail.,Item 18 is an important concept that involves understanding key principles and applications. It requires careful analysis and consideration of various factors to fully comprehend.,explanation,0.901825697226061
Explain the concept of item 19 in detail.,Item 19 is an important concept that involves understanding key principles and applications. It requires careful analysis and consideration of various factors to fully comprehend.,explanation,0.9053234047016225
Explain the concept of item 20 in detail.,Item 20 is an important concept that involves understanding key principles and applications. It requires careful analysis and consideration of various factors to fully comprehend.,explanation,0.9180284523125137
Explain the concept of item 21 in detail.,Item 21 is an important concept that involves understanding key principles and applications. It requires careful analysis and consideration of various factors to fully comprehend.,explanation,0.9302365854327842
Explain the concept of item 22 in detail.,Item 22 is an important concept that involves understanding key principles and applications. It requires careful analysis and consideration of various factors to fully comprehend.,explanation,0.9042003959185094
Explain the concept of item 23 in detail.,Item 23 is an important concept that involves understanding key principles and applications. It requires careful analysis and consideration of various factors to fully comprehend.,explanation,0.9469911169468415
Explain the concept of item 24 in detail.,Item 24 is an important concept that involves understanding key principles and applications. It requires careful analysis and consideration of various factors to fully comprehend.,explanation,0.9034890341479407
Explain the concept of item 25 in detail.,Item 25 is an important concept that involves understanding key principles and applications. It requires careful analysis and consideration of various factors to fully comprehend.,explanation,0.9125836941595651
Explain the concept of item 26 in detail.,Item 26 is an important concept that involves understanding key principles and applications. It requires careful analysis and consideration of various factors to fully comprehend.,explanation,0.9155202424195801
Explain the concept of item 27 in detail.,Item 27 is an important concept that involves understanding key principles and applications. It requires careful analysis and consideration of various factors to fully comprehend.,explanation,0.9091888005690216
Explain the concept of item 28 in detail.,Item 28 is an important concept that involves understanding key principles and applications. It requires careful analysis and consideration of various factors to fully comprehend.,explanation,0.9205840837167517
Explain the concept of item 29 in detail.,Item 29 is an important concept that involves understanding key principles and applications. It requires careful analysis and consideration of various factors to fully comprehend.,explanation,0.921662615874075
Explain the concept of item 30 in detail.,Item 30 is an important concept that involves understanding key principles and applications. It requires careful analysis and consideration of various factors to fully comprehend.,explanation,0.8712406797846747
Explain the concept of item 31 in detail.,Item 31 is an important concept that involves understanding key principles and applications. It requires careful analysis and consideration of various factors to fully comprehend.,explanation,0.9492807182382746
Explain the concept of item 32 in detail.,Item 32 is an important concept that involves understanding key principles and applications. It requires careful analysis and consideration of various factors to fully comprehend.,explanation,0.9261011886798713
Explain the concept of item 33 in detail.,Item 33 is an important concept that involves understanding key principles and applications. It requires careful analysis and consideration of various factors to fully comprehend.,explanation,0.8806940967207858
Explain the concept of item 34 in detail.,Item 34 is an important concept that involves understanding key principles and applications. It requires careful analysis and consideration of various factors to fully comprehend.,explanation,0.9078337434923486
Explain the concept of item 35 in detail.,Item 35 is an important concept that involves understanding key principles and applications. It requires careful analysis and consideration of various factors to fully comprehend.,explanation,0.9477504706216109
Explain the concept of item 36 in detail.,Item 36 is an important concept that involves understanding key principles and applications. It requires careful analysis and consideration of various factors to fully comprehend.,explanation,0.8871325277533679
Explain the concept of item 37 in detail.,Item 37 is an important concept that involves understanding key principles and applications. It requires careful analysis and consideration of various factors to fully comprehend.,explanation,0.8854995796554621
Explain the concept of item 38 in detail.,Item 38 is an important concept that involves understanding key principles and applications. It requires careful analysis and consideration of various factors to fully comprehend.,explanation,0.8716659101975868
Explain the concept of item 39 in detail.,Item 39 is an important concept that involves understanding key principles and applications. It requires careful analysis and consideration of various factors to fully comprehend.,explanation,0.9112568172173696
Explain the concept of item 40 in detail.,Item 40 is an important concept that involves understanding key principles and applications. It requires careful analysis and consideration of various factors to fully comprehend.,explanation,0.9217912781430851
Explain the concept of item 41 in detail.,Item 41 is an important concept that involves understanding key principles and applications. It requires careful analysis and consideration of various factors to fully comprehend.,explanation,0.9479254005941651
Explain the concept of item 42 in detail.,Item 42 is an important concept that involves understanding key principles and applications. It requires careful analysis and consideration of various factors to fully comprehend.,explanation,0.9283860372523463
Explain the concept of item 43 in detail.,Item 43 is an important concept that involves understanding key principles and applications. It requires careful analysis and consideration of various factors to fully comprehend.,explanation,0.8881212903889855
Explain the concept of item 44 in detail.,Item 44 is an important concept that involves understanding key principles and applications. It requires careful analysis and consideration of various factors to fully comprehend.,explanation,0.9463437406722682
Explain the concept of item 45 in detail.,Item 45 is an important concept that involves understanding key principles and applications. It requires careful analysis and consideration of various factors to fully comprehend.,explanation,0.9171368703149385
Explain the concept of item 46 in detail.,Item 46 is an important concept that involves understanding key principles and applications. It requires careful analysis and consideration of various factors to fully comprehend.,explanation,0.9231711441297763
Explain the concept of item 47 in detail.,Item 47 is an important concept that involves understanding key principles and applications. It requires careful analysis and consideration of various factors to fully comprehend.,explanation,0.9169430742879274
Explain the concept of item 48 in detail.,Item 48 is an important concept that involves understanding key principles and applications. It requires careful analysis and consideration of various factors to fully comprehend.,explanation,0.9014812616038584
Explain the concept of item 49 in detail.,Item 49 is an important concept that involves understanding key principles and applications. It requires careful analysis and consideration of various factors to fully comprehend.,explanation,0.9220915046644029
Explain the concept of item 50 in detail.,Item 50 is an important concept that involves understanding key principles and applications. It requires careful analysis and consideration of various factors to fully comprehend.,explanation,0.9335443857486451
Explain the concept of item 51 in detail.,Item 51 is an important concept that involves understanding key principles and applications. It requires careful analysis and consideration of various factors to fully comprehend.,explanation,0.9004713048854313
Explain the concept of item 52 in detail.,Item 52 is an important concept that involves understanding key principles and applications. It requires careful analysis and consideration of various factors to fully comprehend.,explanation,0.9393819313809875
Explain the concept of item 53 in detail.,Item 53 is an important concept that involves understanding key principles and applications. It requires careful analysis and consideration of various factors to fully comprehend.,explanation,0.9390896639775352
Explain the concept of item 54 in detail.,Item 54 is an important concept that involves understanding key principles and applications. It requires careful analysis and consideration of various factors to fully comprehend.,explanation,0.9357066398784939
Explain the concept of item 55 in detail.,Item 55 is an important concept that involves understanding key principles and applications. It requires careful analysis and consideration of various factors to fully comprehend.,explanation,0.885188285798921
Explain the concept of item 56 in detail.,Item 56 is an important concept that involves understanding key principles and applications. It requires careful analysis and consideration of various factors to fully comprehend.,explanation,0.8719296924796215
Explain the concept of item 57 in detail.,Item 57 is an important concept that involves understanding key principles and applications. It requires careful analysis and consideration of various factors to fully comprehend.,explanation,0.9317435208805707
Explain the concept of item 58 in detail.,Item 58 is an important concept that involves understanding key principles and applications. It requires careful analysis and consideration of various factors to fully comprehend.,explanation,0.9295579767131377
Explain the concept of item 59 in detail.,Item 59 is an important concept that involves understanding key principles and applications. It requires careful analysis and consideration of various factors to fully comprehend.,explanation,0.9441427057183427
Explain the concept of item 60 in detail.,Item 60 is an important concept that involves understanding key principles and applications. It requires careful analysis and consideration of various factors to fully comprehend.,explanation,0.9160335289030538
Explain the concept of item 61 in detail.,Item 61 is an important concept that involves understanding key principles and applications. It requires careful analysis and consideration of various factors to fully comprehend.,explanation,0.8758494273888016
Explain the concept of item 62 in detail.,Item 62 is an important concept that involves understanding key principles and applications. It requires careful analysis and consideration of various factors to fully comprehend.,explanation,0.895574762774229
Explain the concept of item 63 in detail.,Item 63 is an important concept that involves understanding key principles and applications. It requires careful analysis and consideration of various factors to fully comprehend.,explanation,0.879952075268875
Explain the concept of item 64 in detail.,Item 64 is an important concept that involves understanding key principles and applications. It requires careful analysis and consideration of various factors to fully comprehend.,explanation,0.917054526492953
Explain the concept of item 65 in detail.,Item 65 is an important concept that involves understanding key principles and applications. It requires careful analysis and consideration of various factors to fully comprehend.,explanation,0.9430414618155503
Explain the concept of item 66 in detail.,Item 66 is an important concept that involves understanding key principles and applications. It requires careful analysis and consideration of various factors to fully comprehend.,explanation,0.8756644304961304
Explain the concept of item 67 in detail.,Item 67 is an important concept that involves understanding key principles and applications. It requires careful analysis and consideration of various factors to fully comprehend.,explanation,0.9303491373894107
Explain the concept of item 68 in detail.,Item 68 is an important concept that involves understanding key principles and applications. It requires careful analysis and consideration of various factors to fully comprehend.,explanation,0.9203154015980195
Explain the concept of item 69 in detail.,Item 69 is an important concept that involves understanding key principles and applications. It requires careful analysis and consideration of various factors to fully comprehend.,explanation,0.9212953160813525
Explain the concept of item 70 in detail.,Item 70 is an important concept that involves understanding key principles and applications. It requires careful analysis and consideration of various factors to fully comprehend.,explanation,0.9089386607733578
Explain the concept of item 71 in detail.,Item 71 is an important concept that involves understanding key principles and applications. It requires careful analysis and consideration of various factors to fully comprehend.,explanation,0.9168940742290624
Explain the concept of item 72 in detail.,Item 72 is an important concept that involves understanding key principles and applications. It requires careful analysis and consideration of various factors to fully comprehend.,explanation,0.9101205783931665
Explain the concept of item 73 in detail.,Item 73 is an important concept that involves understanding key principles and applications. It requires careful analysis and consideration of various factors to fully comprehend.,explanation,0.946289079417908
Explain the concept of item 74 in detail.,Item 74 is an important concept that involves understanding key principles and applications. It requires careful analysis and consideration of various factors to fully comprehend.,explanation,0.8987543114475617
Explain the concept of item 75 in detail.,Item 75 is an important concept that involves understanding key principles and applications. It requires careful analysis and consideration of various factors to fully comprehend.,explanation,0.9451420631891072
Explain the concept of item 76 in detail.,Item 76 is an important concept that involves understanding key principles and applications. It requires careful analysis and consideration of various factors to fully comprehend.,explanation,0.9051391277844725
Explain the concept of item 77 in detail.,Item 77 is an important concept that involves understanding key principles and applications. It requires careful analysis and consideration of various factors to fully comprehend.,explanation,0.8945707948176228
Explain the concept of item 78 in detail.,Item 78 is an important concept that involves understanding key principles and applications. It requires careful analysis and consideration of various factors to fully comprehend.,explanation,0.939158682773331
Explain the concept of item 79 in detail.,Item 79 is an important concept that involves understanding key principles and applications. It requires careful analysis and consideration of various factors to fully comprehend.,explanation,0.9236785913497152
Explain the concept of item 80 in detail.,Item 80 is an important concept that involves understanding key principles and applications. It requires careful analysis and consideration of various factors to fully comprehend.,explanation,0.8770486829223122
Explain the concept of item 81 in detail.,Item 81 is an important concept that involves understanding key principles and applications. It requires careful analysis and consideration of various factors to fully comprehend.,explanation,0.9270425032392614
Explain the concept of item 82 in detail.,Item 82 is an important concept that involves understanding key principles and applications. It requires careful analysis and consideration of various factors to fully comprehend.,explanation,0.9422136715727708
Explain the concept of item 83 in detail.,Item 83 is an important concept that involves understanding key principles and applications. It requires careful analysis and consideration of various factors to fully comprehend.,explanation,0.9262342320790062
Explain the concept of item 84 in detail.,Item 84 is an important concept that involves understanding key principles and applications. It requires careful analysis and consideration of various factors to fully comprehend.,explanation,0.8732209243025838
Explain the concept of item 85 in detail.,Item 85 is an important concept that involves understanding key principles and applications. It requires careful analysis and consideration of various factors to fully comprehend.,explanation,0.8779831489698504
Explain the concept of item 86 in detail.,Item 86 is an important concept that involves understanding key principles and applications. It requires careful analysis and consideration of various factors to fully comprehend.,explanation,0.9450563834324308
Explain the concept of item 87 in detail.,Item 87 is an important concept that involves understanding key principles and applications. It requires careful analysis and consideration of various factors to fully comprehend.,explanation,0.8860646305941464
Explain the concept of item 88 in detail.,Item 88 is an important concept that involves understanding key principles and applications. It requires careful analysis and consideration of various factors to fully comprehend.,explanation,0.8981166984330695
Explain the concept of item 89 in detail.,Item 89 is an important concept that involves understanding key principles and applications. It requires careful analysis and consideration of various factors to fully comprehend.,explanation,0.8704603376630948
Explain the concept of item 90 in detail.,Item 90 is an important concept that involves understanding key principles and applications. It requires careful analysis and consideration of various factors to fully comprehend.,explanation,0.9258196639104623
Explain the concept of item 91 in detail.,Item 91 is an important concept that involves understanding key principles and applications. It requires careful analysis and consideration of various factors to fully comprehend.,explanation,0.9343359049085351
Explain the concept of item 92 in detail.,Item 92 is an important concept that involves understanding key principles and applications. It requires careful analysis and consideration of various factors to fully comprehend.,explanation,0.9109964681096686
