complex_question,detailed_answer,expertise_level
"Analyze the philosophical themes in Neon Genesis Evangelion and their psychological impact","Evangelion explores existential philosophy through multiple lenses: 1) Hedgehog's Dilemma (Schopenhauer) - humans need intimacy but fear closeness, shown through Shinji's relationships, 2) Existentialism - characters search for meaning in apocalyptic world, 3) Freudian psychology - Shinji's Oedipus complex, ego/id conflicts, 4) AT Fields represent psychological barriers, 5) Human Instrumentality Project questions individuality vs collective consciousness. Anno's own depression influenced the increasingly introspective, abstract narrative. The show forces viewers to confront uncomfortable truths about human connection, depression, and self-worth. Its psychological impact stems from raw honesty about mental illness rarely seen in animation.","advanced"
"Compare narrative structures of Monster vs Death Note as psychological thrillers","Both are cat-and-mouse psychological thrillers but differ fundamentally: MONSTER - slow-burn, episodic exploration of morality, Johan as abstract evil force, Tenma's journey questioning if saving Johan was right, realistic grounded world, 74 episodes allow deep character studies, ambiguous philosophy about nature of evil. DEATH NOTE - tight 37 episodes, fast-paced mind games, Light's god complex vs L's justice, supernatural elements, more focused duel. Monster is literary thriller asking 'what is evil?', Death Note is strategic battle asking 'what is justice?' Monster prioritizes atmosphere and moral weight, Death Note prioritizes intellectual satisfaction. Both masterpieces in different ways.","advanced"
"Explain how Satoshi Kon revolutionized anime filmmaking techniques","Satoshi Kon pioneered editing techniques that blurred reality and fantasy: 1) Match cuts between dream/reality (character opens door in dream, continues in reality), 2) Unreliable narration challenging viewer perception, 3) Non-linear storytelling reflecting psychological states, 4) Visual metaphors embedded in scene transitions, 5) Breaking the fourth wall subtly. Perfect Blue influenced Black Swan, Paprika influenced Inception. He treated animation as serious filmmaking medium, not just entertainment. His montage sequences, especially in Paprika and Tokyo Godfathers, showed animation could achieve what live-action couldn't. He compressed time through associative editing, making viewers active participants in constructing meaning. His influence visible in modern anime directors like Yuasa Masaaki.","expert"
"Analyze power systems: Nen (HxH) vs Stands (JoJo) vs Cursed Techniques (JJK) design philosophy","Each system reflects different design philosophies: NEN (Hunter x Hunter) - complex, condition-based, strategic depth over spectacle, balanced by restrictions and contracts, allows creative problem-solving, requires intelligence, rewards preparation. Reflects Togashi's chess-like approach to battles. STANDS (JoJo) - bizarre, unique abilities following simple rule (only Stands harm Stands), creative designs over power levels, rock-paper-scissors counters, emphasizes cleverness over raw strength. Araki prioritizes cool factor and variety. CURSED TECHNIQUES (JJK) - combines HxH complexity with JoJo creativity, modern take with clearer rules, binding vows add strategic layer, domain expansions as ultimate moves. Gege balances accessibility with depth. HxH = most intricate, JoJo = most creative, JJK = best synthesis. All three prove complex rules enhance rather than limit shonen battles.","expert"
"How does Vinland Saga deconstruct the Viking glorification narrative?","Vinland Saga systematically dismantles romantic Viking narratives: Season 1 shows Thorfinn's revenge quest leading to emptiness, violence as cyclical and meaningless, 'true warriors' are broken, traumatized people. The 'glorious battles' result in orphans, destruction, trauma. Season 2 (Farmland) explicitly deconstructs through Thorfinn's journey: he realizes warrior life was wasted, witnesses slavery's horrors (Vikings' economic basis), attempts pacifism as true strength. Askeladd's complexity shows even 'cool' warriors are products of trauma perpetuating cycles. Canute's transformation proves power corrupts regardless of intentions. Thorfinn's father Thors embodies the thesis: 'You have no enemies, nobody does. There's nobody you need to hurt.' The story argues violence, even 'justified' revenge, only creates more victims. It's anti-war narrative using Viking setting to critique warrior glorification across cultures. Yukimura uses historical authenticity to show ugly reality behind legends.","expert"
"Evaluate the cultural significance of Akira in global anime history","Akira's 1988 release was watershed moment for anime internationally: TECHNICAL ACHIEVEMENT - 160,000 animation cels (unprecedented), pre-scored animation syncing perfectly with music, night scenes with complex lighting, fluid motion matching live-action quality. Set technical standards for decades. CULTURAL IMPACT - introduced international audiences to mature, serious anime beyond kids' shows, influenced Western filmmakers (Wachowskis, Nolan), inspired cyberpunk aesthetic globally, helped establish anime as art form. THEMATIC DEPTH - post-war trauma, government experiments, youth rebellion, power corruption, cycle of destruction. Prophetically set in 2019 Tokyo Olympics. Neo-Tokyo's destruction resonated with Japanese atomic bomb trauma. Made anime respectable in film criticism circles. Without Akira's success, modern anime's global reach might not exist. It proved animation could be serious, adult, and artistically significant.","expert"
"Discuss the 'manga vs anime ending' problem and its implications for adaptation integrity","Manga/anime divergence creates complex issues: CAUSES - anime catches up to manga (Naruto, Bleach filler), creative differences (FMA 2003), manga incomplete (Soul Eater), business decisions. CONSEQUENCES - divided fanbases, confusion about canon, potential artistic improvement OR disaster. CASE STUDIES: FMA 2003 created original dark ending; Brotherhood later adapted manga completely - both have merit. Tokyo Ghoul rushed manga content, anime became incomprehensible mess. The Promised Neverland S2 skipped entire manga arcs, became disaster. Soul Eater anime ending differs but maintains themes. Blue Exorcist's filler arc later contradicted manga. PHILOSOPHICAL QUESTION: Is manga always 'correct version'? Anime is separate artistic interpretation, but fan expectations of faithfulness create tension. Best approach: treat as separate canons (FMA) or wait for source completion (AOT). The problem highlights tension between commercial pressures and artistic integrity in adaptation industry.","expert"
"Analyze the evolution of isekai from its origins to modern saturation","Isekai evolved through distinct phases: ORIGINS - classical literature (Alice in Wonderland, Chronicles of Narnia), early anime (Escaflowne, Digimon), established 'transported to another world' framework. FOUNDATION - .hack, SAO established game mechanics, Overlord added OP protagonist. GOLDEN AGE (2012-2016) - Re:Zero, Konosuba, Mushoku Tensei brought innovation: psychological horror, comedy parody, serious world-building respectively. SATURATION PHASE (2016-2020) - light novel adaptations exploded, formulaic self-insert power fantasies dominated, harems became standard, truck-kun meme emerged. Quality dilution occurred. MODERN EVOLUTION - subversions emerge: So I'm a Spider explores monster perspective, Ascendance of a Bookworm focuses on culture-building, Reincarnated as a Sword buddy dynamic. CRITICAL ANALYSIS: Isekai's appeal lies in escapism and power fantasy during economic stagnation in Japan. Easy to write (game logic replaces complex magic systems), self-insert protagonists, wish fulfillment. However, overreliance on tropes stifles creativity. Genre needs: flawed protagonists, actual stakes, unique premises, worldbuilding depth. Best recent examples balance familiarity with innovation.","expert"
"How do anime directors like Yuasa Masaaki and Imaishi Hiroyuki push medium boundaries?","Both directors revolutionize anime aesthetics but differently: YUASA MASAAKI - fluid, abstract animation prioritizing motion over detailed drawings, visual metaphors for psychological states (Ping Pong, Tatami Galaxy), experimental editing, character designs emphasizing expression over beauty, willingness to distort reality for emotional truth. Influenced by Kon's surrealism but adds playful energy. Treats animation as pure artistic expression. IMAISHI HIROYUKI - maximalist, over-the-top style, rule-of-cool over realism (Gurren Lagann, Kill la Kill), kinetic energy, sharp angular designs, sakuga-heavy with dynamic poses, embraces absurdity, bombastic storytelling. Trained at Gainax, carries Evangelion's legacy of spectacle. SHARED TRAITS - both reject photorealism, embrace medium's potential for exaggeration, directorial signature visible instantly, prioritize entertainment and emotion over technical 'correctness'. They prove anime's artistic range: Yuasa's art-house experimentation vs Imaishi's populist spectacle. Both expand what anime can be visually and narratively.","expert"
"Examine the role of music and sound design in Cowboy Bebop's storytelling","Bebop's music isn't accompaniment but fundamental narrative element: YOKO KANNO'S GENIUS - genre-spanning jazz, blues, rock, electronic, each episode's style matching its story (jazz for noir, rock for action, blues for melancholy), Seatbelts band created authentic performances, music recorded before animation (revolutionary reverse process). DIEGETIC INTEGRATION - music exists in-world (Spike's jazz club memories), characters relate to music emotionally, soundtrack tells parallel story. EMOTIONAL STORYTELLING - 'Space Lion' during Spike's death dream conveys spirituality, 'Call Me Call Me' encapsulates Faye's loneliness, 'Tank!' opening establishes cool factor. SILENCE AS TOOL - strategic quiet moments heighten tension (Spike vs Vicious finale). SOUND DESIGN - mechanical sounds feel weighty and real, gunshots, footsteps mixed perfectly. The show proves anime can use sound as sophisticatedly as prestige live-action. Music makes emotional beats land harder - Blue (Ed's goodbye), Rain (finale) devastate because music sells the melancholy. Watanabe's direction and Kanno's composition create perfect synthesis.","expert"
"Deconstruct the seinen vs shonen demographic distinction's marketing vs artistic validity","Demographic labels are publishing categories, not artistic measures: MARKETING REALITY - seinen = magazines targeting men 18-40, shonen = boys 12-18, josei = women 18-40, shoujo = girls 12-18. Determines where manga publishes, influences advertising. Content guidelines differ (seinen allows more sex/violence/complex themes). ARTISTIC AMBIGUITY - many shonen tackle mature themes (Attack on Titan, Hunter x Hunter's darkness), many seinen are lighthearted (Grand Blue comedy). Overlap extensive. PROBLEMS WITH DISTINCTION - creates false hierarchy (seinen = mature, shonen = childish), ignores actual content quality, limits audience perception, gatekeeping behavior. REALITY - best metric is execution quality regardless of label. Death Note (shonen) more psychologically complex than many seinen. Fullmetal Alchemist (shonen) explores war, genocide, human experimentation maturely. Kaguya-sama (seinen) is romantic comedy. CONCLUSION - useful for publishing logistics, misleading for artistic analysis. Judge works individually, not by demographic label. The distinction matters for creators (editorial expectations) but shouldn't limit viewers' genre exploration.","expert"
"Analyze why Ghibli films achieve universal emotional resonance across cultures","Ghibli's global appeal stems from universal storytelling principles: HUMAN EMOTIONS - focus on fundamental experiences: loss of innocence (Totoro), coming of age (Kiki), environmental destruction (Mononoke), identity (Spirited Away), aging and memory (Howl's). These transcend cultural specificity. VISUAL LANGUAGE - animation communicates emotionally without language barriers, expressions universally readable, beauty appreciated globally. ABSENCE OF CLEAR VILLAINS - complexity over melodrama; Lady Eboshi isn't evil, Yubaba has redeeming moments. Moral ambiguity reflects real world. STRONG FEMALE PROTAGONISTS - Chihiro, San, Sophie, Nausicaä are proactive, flawed, growing characters challenging gender stereotypes globally. MAGICAL REALISM - blending mundane with magical feels authentic, creating wonder without losing groundedness. Miyazaki's respect for childhood perspective (doesn't condescend) plus Takahata's poetic humanism create films treating audiences intelligently. ANTI-WAR, PRO-ENVIRONMENT THEMES - universally relevant concerns. SILENCE AND PACING - ma (negative space) allows viewers to breathe and reflect, unlike frantic modern media. Studio's commitment to hand-drawn beauty and emotional authenticity over profit explains timeless quality.","expert"
"Explain the technical and artistic challenges of adapting light novels vs manga into anime","Different source materials create distinct adaptation challenges: MANGA TO ANIME - Advantages: visual reference exists, panel-to-frame translation straightforward, action sequences pre-visualized, character designs established. Challenges: pacing (manga chapters ≠ episode runtime), adding motion to static images, deciding what internal monologue to voice vs show, filler when catching up, maintaining art quality consistently. Examples: Demon Slayer elevated manga's art; One Piece struggles with pacing. LIGHT NOVEL TO ANIME - Advantages: more creative freedom visually, can improve pacing by cutting fluff. Challenges: text-heavy exposition becomes awkward voiced, internal monologue adaptation crucial, visualizing vague descriptions, action scenes lack reference, character designs start from scratch. Examples: Monogatari embraced text visually (shaft head-tilts, word screens), many isekai fail translating protagonist's thoughts naturally. SHARED ISSUES - fan expectations, source respect vs improvement, budget/time constraints, committee interference. CONCLUSION - manga adaptations are 'easier' technically but face comparison pressure; light novel adaptations have creative freedom but require more interpretation. Best adaptations (FMA:B, Violet Evergarden) understand their source's core while utilizing anime medium's unique strengths.","expert"
"Discuss the narrative significance of time loops in anime beyond mere plot device","Time loops in anime explore profound themes: STEINS;GATE - uses loops to examine determinism vs free will, Okabe's suffering builds empathy, each loop reveals character depths, 'attractor field' concept adds scientific grounding. The mechanic serves character development - Okabe's growth from chunibyo to mature decision-maker. RE:ZERO - weaponizes loops psychologically; Subaru's trauma accumulates, questions hero narrative, 'Return by Death' is curse not power, explores cost of foreknowledge. Each loop peels back character layers (Rem, Betelgeuse motivations). MADOKA MAGICA - Homura's loops reveal show's foundation, recontextualizes entire narrative, tragedy of repetition, love becoming obsession. Loop mechanic IS the story. ERASED - uses loops for redemption arc, childhood trauma resolution, detective work through time manipulation. HIGURASHI - loops as mystery tool, each revealing new perspectives, paranoia and trust themes. PHILOSOPHICAL IMPLICATIONS - loops let anime explore: 1) Characters' true nature through repetition, 2) Butterfly effect consequences, 3) Value of relationships when outcomes change, 4) Mental toll of foreknowledge, 5) Whether changing fate is possible/desirable. Time loops become meditations on choice, memory, and identity. Best implementations make loops thematically essential, not just cool gimmick.","expert"
"Evaluate the problematic elements in anime and how to appreciate medium critically","Critical anime viewing requires acknowledging issues while appreciating artistry: COMMON PROBLEMS - Fanservice/sexualization (especially of minors), recycled tropes, gender stereotypes, homophobia/transphobia in comedy, unhealthy relationship dynamics portrayed positively, lack of body diversity, ableism. CULTURAL CONTEXT - Some issues stem from Japanese cultural norms differing from Western values (not excuse but explanation). Otaku culture's influence on industry creates pandering. CRITICAL APPROACH - 1) Acknowledge problematic elements don't invalidate entire work, 2) Consider historical context (older anime reflect older attitudes), 3) Distinguish between show presenting vs endorsing problematic content (Made in Abyss), 4) Support better representation when it appears, 5) Don't harass creators but advocate for improvement. EXAMPLES - Mushoku Tensei has exceptional world-building but protagonist's pedophilia is indefensible. Appreciate craft while criticizing content. Fire Force has great animation, terrible fanservice timing. NUANCE - 'Problematic' isn't binary; severity matters. Casual sexism in shonen < sexualized minors. CONCLUSION - Enjoy anime critically: call out issues, support progressive shows (Yuri on Ice, To Your Eternity), remember imperfect media can still have value. Blind defense OR complete rejection both wrong - thoughtful engagement needed.","expert"
"Analyze the director's role in anime production and auteur theory application","Directors' influence varies significantly in anime compared to Western film: TRADITIONAL ROLE - Series directors (kantoku) oversee vision, approve keyframes, guide episode directors, but work within production committee constraints. Less absolute control than film directors. AUTEUR EXAMPLES - Miyazaki, Kon, Yuasa, Watanabe, Ikuhara stamp distinctive style: MIYAZAKI - environmentalism, strong females, detailed animation, humanism. His films unmistakable. KON - reality/fantasy blurring, editing innovation, psychological depth. YUASA - abstract expressionism, fluid motion, playful experimentation. WATANABE - musical integration, episodic character studies, cool factor. IKUHARA - surrealism, symbolism, queer themes, theatrical presentation. COMPLICATIONS - anime is collaborative (character designers, animation directors, writers often equally crucial), source material constrains adaptation directors, budget limits creative vision, production committees interfere, episode directors handle day-to-day. AUTEUR THEORY IN ANIME - works for original anime (Evangelion, Cowboy Bebop, Madoka) where director guides everything. Less applicable to adaptations with established source. But distinctive directors elevate material: Araki (AOT S1-3) vs Hayashi (S4 P1) shows directorial impact. CONCLUSION - Auteur theory partially applies; anime directors are authors but constrained authors. Recognizing their vision while acknowledging collaborative nature gives balanced understanding.","expert"
"Examine the psychological and philosophical depth in Serial Experiments Lain","Lain explores consciousness, identity, and reality through cyberpunk lens: CENTRAL QUESTIONS - Where does self exist? If consciousness can be digital, what is humanity? Is Wired (internet) separate from reality or extension of it? What is consciousness without body? PHILOSOPHICAL FRAMEWORKS - Descartes' mind-body dualism (Lain's identity fragments across Wired/reality), Buddhist concept of interconnectedness (everyone connected through Wired like collective unconscious), simulation theory (is reality 'real'?), Marshall McLuhan's media theory (technology as human extension). NARRATIVE STRUCTURE - deliberately confusing, non-linear presentation mirrors Lain's fragmenting identity, viewers experience disorientation Lain feels, unreliable narrator technique. PSYCHOLOGICAL THEMES - dissociation, schizophrenia parallels (multiple selves), social anxiety (Lain's school struggles), alienation in digital age, parasocial relationships, surveillance anxiety. TECHNOLOGICAL PROPHECY - predicted social media's impact (1998!), online identity vs offline self, misinformation spread, digital permanence, surveillance culture. Lain is cautionary tale about losing self in digital spaces. SYMBOLISM - wires as neural networks, Lain's bear costume as shield, train imagery as consciousness transport. The show refuses easy answers - it's meditation on digital existence, not explanation. Requires active viewing and reflection. Pioneered philosophical anime that respects audience intelligence.","expert"
"Compare Eastern (anime) vs Western (cartoons) animation philosophical differences","Different animation traditions reflect cultural philosophies: ANIME APPROACH - Animation for all ages, serious topics acceptable, expressive limited animation (emphasizing key frames), manga visual language (speedlines, sweat drops), cultural specificity, serialized storytelling, auteur directors, treats animation as artistic medium equal to live-action. VALUES - emotional expression, aesthetic beauty, tragedy accepted, ambiguous morality, community focus. WESTERN CARTOONS - Historically children's domain (changing), comedy-focused traditionally, full animation ideal (Disney), more movement per frame, universal accessibility goal, episodic return-to-status-quo (traditional), writer-driven, often seen as 'lesser' medium until recently. VALUES - clear good/evil, happy endings, individual heroism, action-consequence, moral lessons. CONVERGING TRENDS - Avatar, Steven Universe, Castlevania show anime influence, Adult Swim normalizes mature animation. Anime adopts some Western production methods. CULTURAL ROOTS - Anime's cinematic approach stems from Tezuka adapting Disney but adding manga's emotive storytelling. Western animation's theatrical roots (vaudeville, comic strips) prioritized broad comedy. Japan never separated 'adult' and 'animation', West did. NEITHER SUPERIOR - both traditions have masterpieces and trash. Anime's strength: emotional depth, serialization. Western strength: comedic timing, fluid motion. Modern animation borrowing best of both (Arcane, Spider-Verse show cinematic ambition).","expert"
"Analyze the metacommentary in Gintama and its relationship with shonen genre","Gintama functions as loving parody and deep shonen meditation: METACOMMENTARY TECHNIQUES - Breaks fourth wall constantly (complains about time slots, references Jump editors, acknowledges anime format), parodies other shonen directly (Dragon Ball, One Piece references), subverts tropes while using them (tournament arcs interrupted, chosen one reveal fake-out), characters comment on plot holes and conveniences. SHONEN DNA - Despite parody, it's genuine shonen: power of friendship matters, training arcs meaningful, serious fights emotional, Gintoki's tragic past drives him, found family themes strong. The humor enhances rather than undermines emotional moments. PHILOSOPHY - Shows shonen formulas work because of human truths they express, not despite being formulaic. Friendship, perseverance, protecting loved ones resonate because they're universal. Sorachi argues genre conventions are tools; execution determines quality. TONAL MASTERY - Switches from toilet humor to tragedy seamlessly; comedy arcs make serious arcs hit harder. Audience investment built through humor makes serious moments devastating. CULTURAL COMMENTARY - Uses Edo period setting for Japanese identity questions, post-war trauma allegory (Amanto occupation = US occupation), old values (samurai code) vs modern pragmatism. CONCLUSION - Gintama proves you can be critically aware of genre conventions while emotionally sincere. It's both ultimate shonen and ultimate shonen deconstruction, demonstrating love for genre through sophisticated play with its rules.","expert"